platform,slug,name,url
ashby,LatchBio,TwentyTwo,https://jobs.ashbyhq.com/LatchBio
ashby,a2zradiology,A2Z Radiology Ai,https://jobs.ashbyhq.com/a2zradiology
ashby,adalfi,Adalfi,https://jobs.ashbyhq.com/adalfi
ashby,aibidia,Aibidia,https://jobs.ashbyhq.com/aibidia
ashby,alpha-design-ai-inc,"Alpha Design AI, Inc.",https://jobs.ashbyhq.com/alpha-design-ai-inc
ashby,andromedasurgical,Andromeda Surgical,https://jobs.ashbyhq.com/andromedasurgical
ashby,anthrogen,Anthrogen,https://jobs.ashbyhq.com/anthrogen
ashby,aqua-voice,Aqua Voice,https://jobs.ashbyhq.com/aqua-voice
ashby,arini,Arini,https://jobs.ashbyhq.com/arini
ashby,artificial,Artificial Labs,https://jobs.ashbyhq.com/artificial
ashby,atlys,Atlys,https://jobs.ashbyhq.com/atlys
ashby,attuned-intelligence,Attuned Intelligence,https://jobs.ashbyhq.com/attuned-intelligence
ashby,augmodo,Augmodo,https://jobs.ashbyhq.com/augmodo
ashby,black-forest-labs,Black Forest Labs,https://jobs.ashbyhq.com/black-forest-labs
ashby,bolna,Bolna AI,https://jobs.ashbyhq.com/bolna
ashby,brainbaselabs,Brainbase Labs,https://jobs.ashbyhq.com/brainbaselabs
ashby,capsa,Capsa Ai,https://jobs.ashbyhq.com/capsa
ashby,cascade-ai,Cascade Ai,https://jobs.ashbyhq.com/cascade-ai
ashby,centralize,Centralize,https://jobs.ashbyhq.com/centralize
ashby,certa,Certa,https://jobs.ashbyhq.com/certa
ashby,chariotclaims,Chariot Claims,https://jobs.ashbyhq.com/chariotclaims
ashby,chartahealth,Charta Health,https://jobs.ashbyhq.com/chartahealth
ashby,circleback,Circleback,https://jobs.ashbyhq.com/circleback
ashby,ciroos,Ciroos,https://jobs.ashbyhq.com/ciroos
ashby,clearvector,Clearvector,https://jobs.ashbyhq.com/clearvector
ashby,clueso,Clueso,https://jobs.ashbyhq.com/clueso
ashby,commodityai,CommodityAI,https://jobs.ashbyhq.com/commodityai
ashby,compyl,Compyl,https://jobs.ashbyhq.com/compyl
ashby,databook,Databook,https://jobs.ashbyhq.com/databook
ashby,dataleap,Dataleap,https://jobs.ashbyhq.com/dataleap
ashby,datasnipper,DataSnipper,https://jobs.ashbyhq.com/datasnipper
ashby,dealops,Dealops,https://jobs.ashbyhq.com/dealops
ashby,decodahealth,Decoda Health,https://jobs.ashbyhq.com/decodahealth
ashby,dedalus-labs,Dedalus Labs,https://jobs.ashbyhq.com/dedalus-labs
ashby,deepsetai,Deepset Ai,https://jobs.ashbyhq.com/deepsetai
ashby,delphina,Delphina,https://jobs.ashbyhq.com/delphina
ashby,diligencesquared,DiligenceSquared,https://jobs.ashbyhq.com/diligencesquared
ashby,ellipsis-health,Ellipsis Health,https://jobs.ashbyhq.com/ellipsis-health
ashby,elyos,Elyos AI,https://jobs.ashbyhq.com/elyos
ashby,encord,Encord,https://jobs.ashbyhq.com/encord
ashby,ethon,Ethonai,https://jobs.ashbyhq.com/ethon
ashby,event-horizon-labs,Event Horizon Labs,https://jobs.ashbyhq.com/event-horizon-labs
ashby,extropic,Extropic,https://jobs.ashbyhq.com/extropic
ashby,fieldmaterials,Field Materials,https://jobs.ashbyhq.com/fieldmaterials
ashby,fireworks,Fireworks AI,https://jobs.ashbyhq.com/fireworks
ashby,firstwork,FirstWork,https://jobs.ashbyhq.com/firstwork
ashby,generalist,Generalist AI,https://jobs.ashbyhq.com/generalist
ashby,greenboard,Greenboard,https://jobs.ashbyhq.com/greenboard
ashby,hammerhead-ai,Hammerhead Ai,https://jobs.ashbyhq.com/hammerhead-ai
ashby,hex,Hex,https://jobs.ashbyhq.com/hex
ashby,hyperspell,Hyperspell,https://jobs.ashbyhq.com/hyperspell
ashby,infera,Infera,https://jobs.ashbyhq.com/infera
ashby,innate,Innate,https://jobs.ashbyhq.com/innate
ashby,interfere,Interfere,https://jobs.ashbyhq.com/interfere
ashby,lingodotdev,Lingo.dev,https://jobs.ashbyhq.com/lingodotdev
ashby,linqapp,Linq App Inc,https://jobs.ashbyhq.com/linqapp
ashby,lumana,Lumana,https://jobs.ashbyhq.com/lumana
ashby,mangodesk,MangoDesk,https://jobs.ashbyhq.com/mangodesk
ashby,manychat,Manychat,https://jobs.ashbyhq.com/manychat
ashby,mastra,Mastra,https://jobs.ashbyhq.com/mastra
ashby,midjourney,Midjourney,https://jobs.ashbyhq.com/midjourney
ashby,mindpeak,Mindpeak,https://jobs.ashbyhq.com/mindpeak
ashby,mitti,Mitti Labs,https://jobs.ashbyhq.com/mitti
ashby,mundo-ai,Mundo AI,https://jobs.ashbyhq.com/mundo-ai
ashby,mycroft,Mycroft,https://jobs.ashbyhq.com/mycroft
ashby,nectir,Nectir,https://jobs.ashbyhq.com/nectir
ashby,nexxa,Nexxa Ai,https://jobs.ashbyhq.com/nexxa
ashby,nousresearch,Nous Research,https://jobs.ashbyhq.com/nousresearch
ashby,nowadays,Nowadays,https://jobs.ashbyhq.com/nowadays
ashby,nuclearn,Nuclearn Ai,https://jobs.ashbyhq.com/nuclearn
ashby,nudgesecurity,Nudge Security,https://jobs.ashbyhq.com/nudgesecurity
ashby,onechronos,OneChronos,https://jobs.ashbyhq.com/onechronos
ashby,onepot,Onepot AI,https://jobs.ashbyhq.com/onepot
ashby,orpex,Orpex,https://jobs.ashbyhq.com/orpex
ashby,outmarket,Outmarket Ai,https://jobs.ashbyhq.com/outmarket
ashby,patronus,Patronus Ai,https://jobs.ashbyhq.com/patronus
ashby,plenful,Plenful,https://jobs.ashbyhq.com/plenful
ashby,proximaai,Proxima Ai,https://jobs.ashbyhq.com/proximaai
ashby,reo-dev,Reo Dev,https://jobs.ashbyhq.com/reo-dev
ashby,salience-labs,Salience Labs,https://jobs.ashbyhq.com/salience-labs
ashby,sapiom,Sapiom,https://jobs.ashbyhq.com/sapiom
ashby,sarvam,Sarvam,https://jobs.ashbyhq.com/sarvam
ashby,scape,Scape,https://jobs.ashbyhq.com/scape
ashby,siepe,Siepe,https://jobs.ashbyhq.com/siepe
ashby,simetrik,Simetrik,https://jobs.ashbyhq.com/simetrik
ashby,skin-analytics,Skin Analytics,https://jobs.ashbyhq.com/skin-analytics
ashby,sol,Sol,https://jobs.ashbyhq.com/sol
ashby,solidroad,Solidroad,https://jobs.ashbyhq.com/solidroad
ashby,spade,Spade,https://jobs.ashbyhq.com/spade
ashby,spotdraft,Spotdraft,https://jobs.ashbyhq.com/spotdraft
ashby,stilta,Stilta,https://jobs.ashbyhq.com/stilta
ashby,surge-ai,Surge AI,https://jobs.ashbyhq.com/surge-ai
ashby,take2,Take2 Ai,https://jobs.ashbyhq.com/take2
ashby,tekton-dynamics,Tekton Dynamics,https://jobs.ashbyhq.com/tekton-dynamics
ashby,teleskope,Teleskope,https://jobs.ashbyhq.com/teleskope
ashby,ternary,Ternary,https://jobs.ashbyhq.com/ternary
ashby,thundercompute,Thunder Compute,https://jobs.ashbyhq.com/thundercompute
ashby,thyme-care,Thyme Care,https://jobs.ashbyhq.com/thyme-care
ashby,tuesday-labs,Tuesday Labs,https://jobs.ashbyhq.com/tuesday-labs
ashby,veda,Veda,https://jobs.ashbyhq.com/veda
ashby,verahealth,Vera Health,https://jobs.ashbyhq.com/verahealth
ashby,veritus,Veritus,https://jobs.ashbyhq.com/veritus
ashby,zafran-security,Zafran Security,https://jobs.ashbyhq.com/zafran-security
comeet,365scores/B3.006,365scores,https://www.comeet.com/jobs/365scores/B3.006
comeet,44ventures/18.001,44 ventures,https://www.comeet.com/jobs/44ventures/18.001
comeet,4manalytics/B6.00F,4M Analytics Ltd,https://www.comeet.com/jobs/4manalytics/B6.00F
comeet,888jobs/E2.001,evoke,https://www.comeet.com/jobs/888jobs/E2.001
comeet,a_security/EA.007,A Security,https://www.comeet.com/jobs/a_security/EA.007
comeet,abra-web-mobile/D3.004,abra Web & Mobile,https://www.comeet.com/jobs/abra-web-mobile/D3.004
comeet,abra/12.003,Abra Information Technologies Ltd,https://www.comeet.com/jobs/abra/12.003
comeet,abra_rnd/15.007,abra,https://www.comeet.com/jobs/abra_rnd/15.007
comeet,accelerateddigitalmedia/49.00D,OuterBox,https://www.comeet.com/jobs/accelerateddigitalmedia/49.00D
comeet,acclaim/CA.00B,Acclaim,https://www.comeet.com/jobs/acclaim/CA.00B
comeet,acrocharge/36.001,Justt,https://www.comeet.com/jobs/acrocharge/36.001
comeet,acs/14.000,ACS Motion Control,https://www.comeet.com/jobs/acs/14.000
comeet,activefence/D5.005,Alice,https://www.comeet.com/jobs/activefence/D5.005
comeet,adaptive6/AA.000,Adaptive6,https://www.comeet.com/jobs/adaptive6/AA.000
comeet,adcellerant/75.000,AdCellerant,https://www.comeet.com/jobs/adcellerant/75.000
comeet,aeronautics/72.002,Aeronautics,https://www.comeet.com/jobs/aeronautics/72.002
comeet,agora/08.007,Agora,https://www.comeet.com/jobs/agora/08.007
comeet,airis_labs/69.00A,Airis Labs,https://www.comeet.com/jobs/airis_labs/69.00A
comeet,airobotics/AA.005,Airobotics,https://www.comeet.com/jobs/airobotics/AA.005
comeet,aitechsystems/88.004,Aitech,https://www.comeet.com/jobs/aitechsystems/88.004
comeet,akeyless/27.006,Akeyless,https://www.comeet.com/jobs/akeyless/27.006
comeet,algosec/71.006,AlgoSec,https://www.comeet.com/jobs/algosec/71.006
comeet,allbetter/F8.00E,Better,https://www.comeet.com/jobs/allbetter/F8.00E
comeet,allcloud/71.008,AllCloud,https://www.comeet.com/jobs/allcloud/71.008
comeet,allied-universal-em/C2.00D,Allied Universal Electronic Monitoring,https://www.comeet.com/jobs/allied-universal-em/C2.00D
comeet,allot/C4.009,Allot,https://www.comeet.com/jobs/allot/C4.009
comeet,almaobservatory/F5.001,Alma Observatory,https://www.comeet.com/jobs/almaobservatory/F5.001
comeet,altair-semi/88.003,Altair Semiconductor,https://www.comeet.com/jobs/altair-semi/88.003
comeet,amimon/50.00C,Rocoto,https://www.comeet.com/jobs/amimon/50.00C
comeet,amp/6A.005,amp,https://www.comeet.com/jobs/amp/6A.005
comeet,anchorfintech/87.00D,Anchor Fintech,https://www.comeet.com/jobs/anchorfintech/87.00D
comeet,anecdotes/F9.00B,anecdotes,https://www.comeet.com/jobs/anecdotes/F9.00B
comeet,anyword/30.00B,Anyword,https://www.comeet.com/jobs/anyword/30.00B
comeet,appdome/E6.005,Appdome,https://www.comeet.com/jobs/appdome/E6.005
comeet,applift/39.00A,Applift,https://www.comeet.com/jobs/applift/39.00A
comeet,appnext/42.003,Appnext,https://www.comeet.com/jobs/appnext/42.003
comeet,appsforce/09.00C,Appsforce,https://www.comeet.com/jobs/appsforce/09.00C
comeet,appstock/DA.003,Appstock,https://www.comeet.com/jobs/appstock/DA.003
comeet,aquasec/91.001,Aqua Security,https://www.comeet.com/jobs/aquasec/91.001
comeet,aretehealthpt/AA.006,Arete' Health PT,https://www.comeet.com/jobs/aretehealthpt/AA.006
comeet,arpeely/57.001,Arpeely,https://www.comeet.com/jobs/arpeely/57.001
comeet,artlist/85.003,Artlist,https://www.comeet.com/jobs/artlist/85.003
comeet,as_hrservices/79.004,A.S HR Services,https://www.comeet.com/jobs/as_hrservices/79.004
comeet,askai/1A.00C,Ask-AI,https://www.comeet.com/jobs/askai/1A.00C
comeet,aspectiva/35.000,Walmart IL,https://www.comeet.com/jobs/aspectiva/35.000
comeet,atera/63.00B,Atera,https://www.comeet.com/jobs/atera/63.00B
comeet,audiocodes/85.004,AudioCodes,https://www.comeet.com/jobs/audiocodes/85.004
comeet,autobrains/57.004,Autobrains Technologies,https://www.comeet.com/jobs/autobrains/57.004
comeet,autoleadstar/54.002,Fullpath,https://www.comeet.com/jobs/autoleadstar/54.002
comeet,automatit/26.003,Automat-it,https://www.comeet.com/jobs/automatit/26.003
comeet,bagirasystems/47.006,Bagira,https://www.comeet.com/jobs/bagirasystems/47.006
comeet,bdrsolutionsllc/79.00B,BDR Solutions LLC,https://www.comeet.com/jobs/bdrsolutionsllc/79.00B
comeet,beamr/A9.00B,Beamr,https://www.comeet.com/jobs/beamr/A9.00B
comeet,betshemeshengines/1A.002,Bet Shemesh Engines,https://www.comeet.com/jobs/betshemeshengines/1A.002
comeet,bettzedek/45.001,Bet Tzedek Legal Services,https://www.comeet.com/jobs/bettzedek/45.001
comeet,bigabid/A4.003,Bigabid,https://www.comeet.com/jobs/bigabid/A4.003
comeet,biocatch/03.00E,BioCatch,https://www.comeet.com/jobs/biocatch/03.00E
comeet,birdaero/97.006,BIRD Aerosystems,https://www.comeet.com/jobs/birdaero/97.006
comeet,bizzabo/A5.000,Bizzabo,https://www.comeet.com/jobs/bizzabo/A5.000
comeet,blinkops/C7.004,BlinkOps,https://www.comeet.com/jobs/blinkops/C7.004
comeet,blockaid/69.00B,Blockaid,https://www.comeet.com/jobs/blockaid/69.00B
comeet,boaideas/EA.009,BOA Ideas,https://www.comeet.com/jobs/boaideas/EA.009
comeet,bondsports/F7.009,Bond Sports,https://www.comeet.com/jobs/bondsports/F7.009
comeet,bookaway/64.006,Travelier,https://www.comeet.com/jobs/bookaway/64.006
comeet,bounce/E9.00C,Bounce AI,https://www.comeet.com/jobs/bounce/E9.00C
comeet,bridgewise/F9.009,Bridgewise,https://www.comeet.com/jobs/bridgewise/F9.009
comeet,brightdata/88.007,Bright Data,https://www.comeet.com/jobs/brightdata/88.007
comeet,browzwear/03.000,Browzwear,https://www.comeet.com/jobs/browzwear/03.000
comeet,btbisrael/78.00B,Be The Bank,https://www.comeet.com/jobs/btbisrael/78.00B
comeet,buildots/36.004,Buildots,https://www.comeet.com/jobs/buildots/36.004
comeet,bulls_media/F9.007,Bulls Media,https://www.comeet.com/jobs/bulls_media/F9.007
comeet,buyme/B2.008,BUYME,https://www.comeet.com/jobs/buyme/B2.008
comeet,caesarstone/25.000,Caesarstone,https://www.comeet.com/jobs/caesarstone/25.000
comeet,camtek/F4.00D,Camtek,https://www.comeet.com/jobs/camtek/F4.00D
comeet,capslock/59.001,CapsLock,https://www.comeet.com/jobs/capslock/59.001
comeet,cardosystems/F2.003,Cardo Systems,https://www.comeet.com/jobs/cardosystems/F2.003
comeet,careersapi-sandbox/E5.007,Careers API Sandbox,https://www.comeet.com/jobs/careersapi-sandbox/E5.007
comeet,cbd/14.007,CBD,https://www.comeet.com/jobs/cbd/14.007
comeet,cellebrite/C3.00F,Cellebrite,https://www.comeet.com/jobs/cellebrite/C3.00F
comeet,cglms/69.003,Colmex,https://www.comeet.com/jobs/cglms/69.003
comeet,chaoslabs/E8.007,Chaos Labs,https://www.comeet.com/jobs/chaoslabs/E8.007
comeet,chargeafter/C5.004,ChargeAfter,https://www.comeet.com/jobs/chargeafter/C5.004
comeet,chargeflow/29.001,Chargeflow,https://www.comeet.com/jobs/chargeflow/29.001
comeet,checkmarx/C0.008,Checkmarx,https://www.comeet.com/jobs/checkmarx/C0.008
comeet,cheq/65.005,CHEQ,https://www.comeet.com/jobs/cheq/65.005
comeet,citygardenmontessori/7A.00F,City Garden Montessori,https://www.comeet.com/jobs/citygardenmontessori/7A.00F
comeet,clarius/D7.009,Clarius Mobile Health,https://www.comeet.com/jobs/clarius/D7.009
comeet,claroty/F2.004,Claroty,https://www.comeet.com/jobs/claroty/F2.004
comeet,classiq/F7.008,Classiq,https://www.comeet.com/jobs/classiq/F7.008
comeet,clinch/42.007,Clinch,https://www.comeet.com/jobs/clinch/42.007
comeet,clover_security/7A.00A,Clover Security,https://www.comeet.com/jobs/clover_security/7A.00A
comeet,cobaltotalent/9A.00E,Cobalto Talent,https://www.comeet.com/jobs/cobaltotalent/9A.00E
comeet,cobwebs/E5.002,penlink,https://www.comeet.com/jobs/cobwebs/E5.002
comeet,codeocean/A6.004,Code Ocean,https://www.comeet.com/jobs/codeocean/A6.004
comeet,codevalue/81.009,CodeValue,https://www.comeet.com/jobs/codevalue/81.009
comeet,cognyte/F2.009,Cognyte,https://www.comeet.com/jobs/cognyte/F2.009
comeet,comm-it/76.008,CommIT,https://www.comeet.com/jobs/comm-it/76.008
comeet,commbox/0A.001,Commbox,https://www.comeet.com/jobs/commbox/0A.001
comeet,comtal/E2.00C,Comtal,https://www.comeet.com/jobs/comtal/E2.00C
comeet,coralogix/06.004,Coralogix,https://www.comeet.com/jobs/coralogix/06.004
comeet,covenantindustries/3B.00F,Covenant Industries,https://www.comeet.com/jobs/covenantindustries/3B.00F
comeet,crazylabs/32.00E,CrazyLabs,https://www.comeet.com/jobs/crazylabs/32.00E
comeet,creditunionofnewjersey/DA.00B,Credit Union of New Jersey,https://www.comeet.com/jobs/creditunionofnewjersey/DA.00B
comeet,crossriver/C7.00F,Cross River,https://www.comeet.com/jobs/crossriver/C7.00F
comeet,ctera/A0.003,CTERA,https://www.comeet.com/jobs/ctera/A0.003
comeet,cujo/C4.005,CUJO AI,https://www.comeet.com/jobs/cujo/C4.005
comeet,cyberillium/58.004,Cyberillium,https://www.comeet.com/jobs/cyberillium/58.004
comeet,cycode/A8.00D,Cycode,https://www.comeet.com/jobs/cycode/A8.00D
comeet,cycognito/14.00A,CyCognito,https://www.comeet.com/jobs/cycognito/14.00A
comeet,cyera/17.008,Cyera,https://www.comeet.com/jobs/cyera/17.008
comeet,cynet/33.00D,Cynet,https://www.comeet.com/jobs/cynet/33.00D
comeet,cytoreason/16.002,CytoReason,https://www.comeet.com/jobs/cytoreason/16.002
comeet,daisy/67.002,Daisy,https://www.comeet.com/jobs/daisy/67.002
comeet,dalbergadvisors/2A.001,Dalberg Advisors,https://www.comeet.com/jobs/dalbergadvisors/2A.001
comeet,dario.health/34.006,DarioHealth,https://www.comeet.com/jobs/dario.health/34.006
comeet,darrow-ai/D8.000,Darrow,https://www.comeet.com/jobs/darrow-ai/D8.000
comeet,dbank/F8.004,Discount Bank,https://www.comeet.com/jobs/dbank/F8.004
comeet,dealhub/86.005,DealHub,https://www.comeet.com/jobs/dealhub/86.005
comeet,deepdub/E7.00C,Deepdub,https://www.comeet.com/jobs/deepdub/E7.00C
comeet,deloitte/F7.00B,Deloitte,https://www.comeet.com/jobs/deloitte/F7.00B
comeet,deltagalil/78.000,Delta Galil Industries,https://www.comeet.com/jobs/deltagalil/78.000
comeet,dfcu/B9.005,Deseret First Credit Union,https://www.comeet.com/jobs/dfcu/B9.005
comeet,directeam/29.008,Directeam,https://www.comeet.com/jobs/directeam/29.008
comeet,doorloop/0A.006,DoorLoop,https://www.comeet.com/jobs/doorloop/0A.006
comeet,dotcompliance/89.00D,Dot Compliance,https://www.comeet.com/jobs/dotcompliance/89.00D
comeet,draftt/3A.00F,Draftt,https://www.comeet.com/jobs/draftt/3A.00F
comeet,dragonfligroup/48.005,Dragonfli Group,https://www.comeet.com/jobs/dragonfligroup/48.005
comeet,dreamgroup/99.002,Dream,https://www.comeet.com/jobs/dreamgroup/99.002
comeet,driivz/C4.00B,Driivz,https://www.comeet.com/jobs/driivz/C4.00B
comeet,drivenets/72.006,DRIVENETS,https://www.comeet.com/jobs/drivenets/72.006
comeet,droxiai/1A.001,Droxi AI,https://www.comeet.com/jobs/droxiai/1A.001
comeet,dustphotonics/05.00B,Dustphotonics,https://www.comeet.com/jobs/dustphotonics/05.00B
comeet,duve/58.00D,DUVE,https://www.comeet.com/jobs/duve/58.00D
comeet,earnix/93.00B,Earnix,https://www.comeet.com/jobs/earnix/93.00B
comeet,eastcentralenergy/B9.003,East Central Energy,https://www.comeet.com/jobs/eastcentralenergy/B9.003
comeet,easy/B5.001,Easy,https://www.comeet.com/jobs/easy/B5.001
comeet,easysend/D5.009,EasySend,https://www.comeet.com/jobs/easysend/D5.009
comeet,econergytech/88.00D,Econergy Tech,https://www.comeet.com/jobs/econergytech/88.00D
comeet,eesagency/FA.009,EES Agency,https://www.comeet.com/jobs/eesagency/FA.009
comeet,eitanmedical/C6.00F,Eitan Medical,https://www.comeet.com/jobs/eitanmedical/C6.00F
comeet,elementor/A3.00F,Elementor,https://www.comeet.com/jobs/elementor/A3.00F
comeet,emazzanti/1A.000,eMazzanti Technologies,https://www.comeet.com/jobs/emazzanti/1A.000
comeet,empathy/F8.007,Empathy,https://www.comeet.com/jobs/empathy/F8.007
comeet,enercon/A4.00D,Enercon Technologies Group,https://www.comeet.com/jobs/enercon/A4.00D
comeet,enlightenergy/99.006,Enlight,https://www.comeet.com/jobs/enlightenergy/99.006
comeet,esh/87.003,esh,https://www.comeet.com/jobs/esh/87.003
comeet,eteacher/E2.002,eTeacher Group,https://www.comeet.com/jobs/eteacher/E2.002
comeet,etoro/41.009,eToro,https://www.comeet.com/jobs/etoro/41.009
comeet,everc/C9.003,G2 Risk Solutions,https://www.comeet.com/jobs/everc/C9.003
comeet,evinced/28.000,Evinced,https://www.comeet.com/jobs/evinced/28.000
comeet,exco/F0.005,EX.CO,https://www.comeet.com/jobs/exco/F0.005
comeet,exodigo/89.005,Exodigo,https://www.comeet.com/jobs/exodigo/89.005
comeet,eyesatop/FA.006,AITAN,https://www.comeet.com/jobs/eyesatop/FA.006
comeet,factify/A9.00F,Factify,https://www.comeet.com/jobs/factify/A9.00F
comeet,fansided/59.00B,FanSided,https://www.comeet.com/jobs/fansided/59.00B
comeet,feedvisor/11.00A,Feedvisor,https://www.comeet.com/jobs/feedvisor/11.00A
comeet,fetcherr/68.006,Fetcherr,https://www.comeet.com/jobs/fetcherr/68.006
comeet,fieldintech/68.001,Fieldin,https://www.comeet.com/jobs/fieldintech/68.001
comeet,final/C0.009,Final,https://www.comeet.com/jobs/final/C0.009
comeet,finubit/A9.002,Finubit,https://www.comeet.com/jobs/finubit/A9.002
comeet,fire-arc/18.009,FireArc,https://www.comeet.com/jobs/fire-arc/18.009
comeet,firebolt/26.004,Firebolt,https://www.comeet.com/jobs/firebolt/26.004
comeet,firefly/39.000,Firefly,https://www.comeet.com/jobs/firefly/39.000
comeet,firstalliancecreditunion/99.00D,First Alliance Credit Union,https://www.comeet.com/jobs/firstalliancecreditunion/99.00D
comeet,fiverr/60.002,Fiverr,https://www.comeet.com/jobs/fiverr/60.002
comeet,fivesigma/07.008,Five Sigma,https://www.comeet.com/jobs/fivesigma/07.008
comeet,flare/36.00F,Flare,https://www.comeet.com/jobs/flare/36.00F
comeet,flexor/F9.006,Flexor Technology,https://www.comeet.com/jobs/flexor/F9.006
comeet,fluenttech/E5.00E,Fluent Trade Technologies,https://www.comeet.com/jobs/fluenttech/E5.00E
comeet,foresightauto/13.000,Foresight Automotive,https://www.comeet.com/jobs/foresightauto/13.000
comeet,form/22.007,FORM,https://www.comeet.com/jobs/form/22.007
comeet,formtitan/88.00A,TITAN,https://www.comeet.com/jobs/formtitan/88.00A
comeet,forsightrobotics/E9.008,ForSight Robotics,https://www.comeet.com/jobs/forsightrobotics/E9.008
comeet,framesecurity/FA.002,Frame Security,https://www.comeet.com/jobs/framesecurity/FA.002
comeet,freightos/F0.000,Freightos,https://www.comeet.com/jobs/freightos/F0.000
comeet,friends/81.00F,Friends,https://www.comeet.com/jobs/friends/81.00F
comeet,friendthatcooks/89.008,Friend that Cooks,https://www.comeet.com/jobs/friendthatcooks/89.008
comeet,frontstory/04.008,FrontStory,https://www.comeet.com/jobs/frontstory/04.008
comeet,fusion92/C8.00F,Fusion92,https://www.comeet.com/jobs/fusion92/C8.00F
comeet,g70/F2.00B,G70,https://www.comeet.com/jobs/g70/F2.00B
comeet,gainencore_ai/0B.00C,Encore AI,https://www.comeet.com/jobs/gainencore_ai/0B.00C
comeet,genpact/B9.008,Genpact,https://www.comeet.com/jobs/genpact/B9.008
comeet,geoedge.com/82.00A,GeoEdge,https://www.comeet.com/jobs/geoedge.com/82.00A
comeet,gett/A0.002,Gett,https://www.comeet.com/jobs/gett/A0.002
comeet,gilat/39.005,Gilat,https://www.comeet.com/jobs/gilat/39.005
comeet,gini-apps/66.000,Gini Apps,https://www.comeet.com/jobs/gini-apps/66.000
comeet,glasshouse/A9.004,GlassHouse Systems,https://www.comeet.com/jobs/glasshouse/A9.004
comeet,gloat/E5.000,Gloat,https://www.comeet.com/jobs/gloat/E5.000
comeet,global-e/62.002,Global-e,https://www.comeet.com/jobs/global-e/62.002
comeet,gotgamecamp/7A.009,Got Game Camp,https://www.comeet.com/jobs/gotgamecamp/7A.009
comeet,grain/4A.000,Grain,https://www.comeet.com/jobs/grain/4A.000
comeet,grip/A8.001,Grip Security,https://www.comeet.com/jobs/grip/A8.001
comeet,groo/56.00E,Ofer Jobs,https://www.comeet.com/jobs/groo/56.00E
comeet,groundcover/88.008,groundcover,https://www.comeet.com/jobs/groundcover/88.008
comeet,groveventures/5A.002,Grove Ventures,https://www.comeet.com/jobs/groveventures/5A.002
comeet,growthspace/D7.00A,GrowthSpace,https://www.comeet.com/jobs/growthspace/D7.00A
comeet,guardio/57.000,Guardio,https://www.comeet.com/jobs/guardio/57.000
comeet,guesty/10.000,Guesty,https://www.comeet.com/jobs/guesty/10.000
comeet,guideline/89.009,Guideline,https://www.comeet.com/jobs/guideline/89.009
comeet,halon/B5.00E,Halon,https://www.comeet.com/jobs/halon/B5.00E
comeet,healthy/B4.004,Healthy.io,https://www.comeet.com/jobs/healthy/B4.004
comeet,helfy/3A.008,Helfy,https://www.comeet.com/jobs/helfy/3A.008
comeet,herediatherapy/98.006,Heredia Therapy Group,https://www.comeet.com/jobs/herediatherapy/98.006
comeet,historictoursofamerica/8A.00D,Historic Tours of America,https://www.comeet.com/jobs/historictoursofamerica/8A.00D
comeet,hivecollective/C9.00F,Hive Collective,https://www.comeet.com/jobs/hivecollective/C9.00F
comeet,holganix/8A.00F,Holganix,https://www.comeet.com/jobs/holganix/8A.00F
comeet,holisto/76.001,Trivago,https://www.comeet.com/jobs/holisto/76.001
comeet,hyperguest/09.00B,HyperGuest,https://www.comeet.com/jobs/hyperguest/09.00B
comeet,hypernative/8A.00E,Hypernative,https://www.comeet.com/jobs/hypernative/8A.00E
comeet,i4dm/85.006,i4DM,https://www.comeet.com/jobs/i4dm/85.006
comeet,iamusconsulting/D8.00F,IAMUS Consulting,https://www.comeet.com/jobs/iamusconsulting/D8.00F
comeet,idtechsolutions/DA.00A,ID Tech Solutions,https://www.comeet.com/jobs/idtechsolutions/DA.00A
comeet,ijag/EA.00B,iJAG,https://www.comeet.com/jobs/ijag/EA.00B
comeet,ilyon/42.00A,Ilyon,https://www.comeet.com/jobs/ilyon/42.00A
comeet,imagen-ai/78.00F,Imagen,https://www.comeet.com/jobs/imagen-ai/78.00F
comeet,imagene-ai/D7.000,Imagene AI,https://www.comeet.com/jobs/imagene-ai/D7.000
comeet,imagry/B7.00F,Imagry,https://www.comeet.com/jobs/imagry/B7.00F
comeet,immunai/37.009,Immunai,https://www.comeet.com/jobs/immunai/37.009
comeet,incredibuild/66.00F,Incredibuild,https://www.comeet.com/jobs/incredibuild/66.00F
comeet,infinidat/D6.003,INFINIDAT,https://www.comeet.com/jobs/infinidat/D6.003
comeet,infinity/56.006,Infinity,https://www.comeet.com/jobs/infinity/56.006
comeet,inmanage/B7.006,inManage,https://www.comeet.com/jobs/inmanage/B7.006
comeet,innovaderm/15.003,Indero,https://www.comeet.com/jobs/innovaderm/15.003
comeet,innovativeskincare/59.00F,Innovative Skincare,https://www.comeet.com/jobs/innovativeskincare/59.00F
comeet,innoviz/52.004,Innoviz Technologies,https://www.comeet.com/jobs/innoviz/52.004
comeet,inspiredhr/7A.008,Inspired HR,https://www.comeet.com/jobs/inspiredhr/7A.008
comeet,insycle/D3.002,Insycle,https://www.comeet.com/jobs/insycle/D3.002
comeet,intech/B5.008,INTECH Process Automation,https://www.comeet.com/jobs/intech/B5.008
comeet,integritylabs/43.009,Integrity Labs,https://www.comeet.com/jobs/integritylabs/43.009
comeet,intuitionrobotics/B3.00B,Intuition Robotics,https://www.comeet.com/jobs/intuitionrobotics/B3.00B
comeet,invenco/65.001,Orpak,https://www.comeet.com/jobs/invenco/65.001
comeet,investing/42.002,Investing,https://www.comeet.com/jobs/investing/42.002
comeet,ionix/08.003,IONIX,https://www.comeet.com/jobs/ionix/08.003
comeet,ironscales/1A.007,IRONSCALES,https://www.comeet.com/jobs/ironscales/1A.007
comeet,irpsystems/47.002,IRP Systems,https://www.comeet.com/jobs/irpsystems/47.002
comeet,isi/86.000,ISI,https://www.comeet.com/jobs/isi/86.000
comeet,island/09.00A,Island,https://www.comeet.com/jobs/island/09.00A
comeet,israeltechguard/29.009,Israel Tech Guard,https://www.comeet.com/jobs/israeltechguard/29.009
comeet,itsolutions/B2.00F,IT Solutions Consulting LLC,https://www.comeet.com/jobs/itsolutions/B2.00F
comeet,ivix/09.002,Ivix,https://www.comeet.com/jobs/ivix/09.002
comeet,jafi/C8.008,The Jewish Agency for Israel,https://www.comeet.com/jobs/jafi/C8.008
comeet,jazz/6A.009,Jazz,https://www.comeet.com/jobs/jazz/6A.009
comeet,jdc/F3.004,JDC,https://www.comeet.com/jobs/jdc/F3.004
comeet,jether-energy/87.001,Jether Energy Research,https://www.comeet.com/jobs/jether-energy/87.001
comeet,joinattil/38.00A,AT&T Israel,https://www.comeet.com/jobs/joinattil/38.00A
comeet,jvp/35.00E,JVP,https://www.comeet.com/jobs/jvp/35.00E
comeet,k2view/D5.000,K2view,https://www.comeet.com/jobs/k2view/D5.000
comeet,kaltura/E2.00D,Kaltura,https://www.comeet.com/jobs/kaltura/E2.00D
comeet,kayhut/F0.00B,Kayhut,https://www.comeet.com/jobs/kayhut/F0.00B
comeet,kelasys/2A.007,Kela Technologies,https://www.comeet.com/jobs/kelasys/2A.007
comeet,kendago/49.00E,Kendago,https://www.comeet.com/jobs/kendago/49.00E
comeet,keshet/26.009,Keshet media group,https://www.comeet.com/jobs/keshet/26.009
comeet,keter-north-america/E3.001,Keter North America,https://www.comeet.com/jobs/keter-north-america/E3.001
comeet,keter/E9.00E,Keter EU,https://www.comeet.com/jobs/keter/E9.00E
comeet,kmslh/97.008,KMS Lighthouse,https://www.comeet.com/jobs/kmslh/97.008
comeet,komodor/96.005,Komodor,https://www.comeet.com/jobs/komodor/96.005
comeet,kueez/09.008,Kueez,https://www.comeet.com/jobs/kueez/09.008
comeet,lab42/58.001,Lab42,https://www.comeet.com/jobs/lab42/58.001
comeet,landacorp/A4.000,Landa Corporation,https://www.comeet.com/jobs/landacorp/A4.000
comeet,leadingedge/FA.00F,Leading Edge,https://www.comeet.com/jobs/leadingedge/FA.00F
comeet,leadingit/59.00E,LeadingIT,https://www.comeet.com/jobs/leadingit/59.00E
comeet,ledgebrook/D9.006,Ledgebrook,https://www.comeet.com/jobs/ledgebrook/D9.006
comeet,legitsecurity.com/37.004,Legit Security,https://www.comeet.com/jobs/legitsecurity.com/37.004
comeet,lemalabs/EA.001,Lema AI,https://www.comeet.com/jobs/lemalabs/EA.001
comeet,leverate/02.004,Leverate,https://www.comeet.com/jobs/leverate/02.004
comeet,limedigital/0A.004,Lime Digital,https://www.comeet.com/jobs/limedigital/0A.004
comeet,linxsecurity/99.00C,Linx Security,https://www.comeet.com/jobs/linxsecurity/99.00C
comeet,liquidity/77.00A,LIQUIDITY,https://www.comeet.com/jobs/liquidity/77.00A
comeet,liveu/90.00C,LiveU,https://www.comeet.com/jobs/liveu/90.00C
comeet,localize/33.00F,Madlan,https://www.comeet.com/jobs/localize/33.00F
comeet,lumen/1A.00E,Lumen,https://www.comeet.com/jobs/lumen/1A.00E
comeet,lumenis/A1.00C,Lumenis,https://www.comeet.com/jobs/lumenis/A1.00C
comeet,lumus/62.00F,Lumus,https://www.comeet.com/jobs/lumus/62.00F
comeet,lusha/73.00B,Lusha,https://www.comeet.com/jobs/lusha/73.00B
comeet,maelyscosmetics/68.002,MAËLYS,https://www.comeet.com/jobs/maelyscosmetics/68.002
comeet,magalsolutions/7A.005,Magal Solutions,https://www.comeet.com/jobs/magalsolutions/7A.005
comeet,makingwavesfoundation/E9.00F,Making Waves Education Foundation,https://www.comeet.com/jobs/makingwavesfoundation/E9.00F
comeet,mami/BA.008,Mami,https://www.comeet.com/jobs/mami/BA.008
comeet,matrix-ifs/19.00F,Matrix Global,https://www.comeet.com/jobs/matrix-ifs/19.00F
comeet,max_security/2B.004,MAX Security Solutions,https://www.comeet.com/jobs/max_security/2B.004
comeet,maytronics/E3.008,Maytronics,https://www.comeet.com/jobs/maytronics/E3.008
comeet,mdclone/66.004,MDClone,https://www.comeet.com/jobs/mdclone/66.004
comeet,medbridge/97.009,Medbridge Healthcare,https://www.comeet.com/jobs/medbridge/97.009
comeet,medicaldynamicsinc/C9.007,Medical Dynamics Inc.,https://www.comeet.com/jobs/medicaldynamicsinc/C9.007
comeet,medicalreviewinstituteofamerica/39.004,MRIoA,https://www.comeet.com/jobs/medicalreviewinstituteofamerica/39.004
comeet,medison/67.00A,Medison Pharma,https://www.comeet.com/jobs/medison/67.00A
comeet,medone/58.006,MedOne,https://www.comeet.com/jobs/medone/58.006
comeet,medvidi/2A.003,Medvidi,https://www.comeet.com/jobs/medvidi/2A.003
comeet,mentee_robotics/6A.002,Mentee Robotics,https://www.comeet.com/jobs/mentee_robotics/6A.002
comeet,metalbear-co/8A.002,MetalBear,https://www.comeet.com/jobs/metalbear-co/8A.002
comeet,milpower/D4.00B,Milpower Source,https://www.comeet.com/jobs/milpower/D4.00B
comeet,mindsecurity/4A.00D,Mind Security Inc.,https://www.comeet.com/jobs/mindsecurity/4A.00D
comeet,mindspace/71.00B,Mindspace,https://www.comeet.com/jobs/mindspace/71.00B
comeet,minerva/3A.007,Minerva University,https://www.comeet.com/jobs/minerva/3A.007
comeet,minimus/19.00B,Minimus,https://www.comeet.com/jobs/minimus/19.00B
comeet,mitiga/26.00B,Mitiga,https://www.comeet.com/jobs/mitiga/26.00B
comeet,mitrelli/F6.008,Mitrelli,https://www.comeet.com/jobs/mitrelli/F6.008
comeet,mize/88.000,Mize,https://www.comeet.com/jobs/mize/88.000
comeet,modellama/26.00E,Modellama,https://www.comeet.com/jobs/modellama/26.00E
comeet,moonshot/87.005,Moonshot,https://www.comeet.com/jobs/moonshot/87.005
comeet,morning/67.000,morning,https://www.comeet.com/jobs/morning/67.000
comeet,morphisec/65.00C,Morphisec,https://www.comeet.com/jobs/morphisec/65.00C
comeet,mprest/38.005,mPrest,https://www.comeet.com/jobs/mprest/38.005
comeet,msd-ah-technologylabs/A3.003,MSD Animal Health Technology Labs,https://www.comeet.com/jobs/msd-ah-technologylabs/A3.003
comeet,musegroup/FA.001,Muse Group,https://www.comeet.com/jobs/musegroup/FA.001
comeet,mwdn/61.005,MWDN,https://www.comeet.com/jobs/mwdn/61.005
comeet,nagish/D8.007,Rylo,https://www.comeet.com/jobs/nagish/D8.007
comeet,nanodimension/62.003,Nano Dimension,https://www.comeet.com/jobs/nanodimension/62.003
comeet,nanox/43.00F,Nanox,https://www.comeet.com/jobs/nanox/43.00F
comeet,nationalmathcamps/F9.002,National Math Camps,https://www.comeet.com/jobs/nationalmathcamps/F9.002
comeet,native/5A.00A,Native,https://www.comeet.com/jobs/native/5A.00A
comeet,naturalint/71.001,Natural Intelligence,https://www.comeet.com/jobs/naturalint/71.001
comeet,navina/E6.00C,Navina,https://www.comeet.com/jobs/navina/E6.00C
comeet,nayax/13.009,Nayax,https://www.comeet.com/jobs/nayax/13.009
comeet,netafim/B7.002,Netafim,https://www.comeet.com/jobs/netafim/B7.002
comeet,neusecharterschool/CA.007,Neuse Charter School,https://www.comeet.com/jobs/neusecharterschool/CA.007
comeet,nexite/37.000,Nexite,https://www.comeet.com/jobs/nexite/37.000
comeet,nextsilicon/18.007,NextSilicon,https://www.comeet.com/jobs/nextsilicon/18.007
comeet,nextta/5A.006,NextTA,https://www.comeet.com/jobs/nextta/5A.006
comeet,nimbleway/09.00F,NimbleWay,https://www.comeet.com/jobs/nimbleway/09.00F
comeet,noma_security/3A.005,Noma Security,https://www.comeet.com/jobs/noma_security/3A.005
comeet,nominal/E8.003,Nominal,https://www.comeet.com/jobs/nominal/E8.003
comeet,notraffic/1A.00F,NoTraffic,https://www.comeet.com/jobs/notraffic/1A.00F
comeet,nova/A5.007,Nova Ltd.,https://www.comeet.com/jobs/nova/A5.007
comeet,nuvoton/51.00F,Nuvoton,https://www.comeet.com/jobs/nuvoton/51.00F
comeet,nymhealth/46.005,Nym Health,https://www.comeet.com/jobs/nymhealth/46.005
comeet,odigos/5A.001,Odigos,https://www.comeet.com/jobs/odigos/5A.001
comeet,ofakim/85.00C,Okoora,https://www.comeet.com/jobs/ofakim/85.00C
comeet,once-hr/88.00B,Once,https://www.comeet.com/jobs/once-hr/88.00B
comeet,onebeat/0A.000,onebeat,https://www.comeet.com/jobs/onebeat/0A.000
comeet,onestep/79.007,OneStep,https://www.comeet.com/jobs/onestep/79.007
comeet,onyxsecurity/BA.005,Onyx Security,https://www.comeet.com/jobs/onyxsecurity/BA.005
comeet,opendormedia/79.00F,OpenDor Media,https://www.comeet.com/jobs/opendormedia/79.00F
comeet,optibus/D1.00C,Optibus,https://www.comeet.com/jobs/optibus/D1.00C
comeet,orbit_communication_systems/2B.008,Orbit Communication Systems,https://www.comeet.com/jobs/orbit_communication_systems/2B.008
comeet,orca-ai/86.003,Orca-AI,https://www.comeet.com/jobs/orca-ai/86.003
comeet,orchid_security/4A.001,Orchid Security,https://www.comeet.com/jobs/orchid_security/4A.001
comeet,ourcrowd/D3.00A,OurCrowd,https://www.comeet.com/jobs/ourcrowd/D3.00A
comeet,overwolf/B1.001,Overwolf,https://www.comeet.com/jobs/overwolf/B1.001
comeet,ownera/59.003,Ownera,https://www.comeet.com/jobs/ownera/59.003
comeet,ox_security/F8.006,OX Security,https://www.comeet.com/jobs/ox_security/F8.006
comeet,panaya/61.00C,Panaya,https://www.comeet.com/jobs/panaya/61.00C
comeet,pango/59.002,Pango,https://www.comeet.com/jobs/pango/59.002
comeet,panorays/97.00D,Panorays,https://www.comeet.com/jobs/panorays/97.00D
comeet,papayagaming/46.00B,PAPAYA,https://www.comeet.com/jobs/papayagaming/46.00B
comeet,papayaglobal/16.005,Papaya Global,https://www.comeet.com/jobs/papayaglobal/16.005
comeet,paragon/76.006,Paragon,https://www.comeet.com/jobs/paragon/76.006
comeet,passportcard/92.00A,Passportcard,https://www.comeet.com/jobs/passportcard/92.00A
comeet,pazu/67.001,Pazu,https://www.comeet.com/jobs/pazu/67.001
comeet,pentera/C5.00D,Pentera,https://www.comeet.com/jobs/pentera/C5.00D
comeet,percepto/44.000,Percepto,https://www.comeet.com/jobs/percepto/44.000
comeet,personetics/83.00A,Personetics,https://www.comeet.com/jobs/personetics/83.00A
comeet,pi-cardia/A5.00B,PI-Cardia,https://www.comeet.com/jobs/pi-cardia/A5.00B
comeet,pipl/22.008,Pipl,https://www.comeet.com/jobs/pipl/22.008
comeet,plainid/C4.00C,PlainID,https://www.comeet.com/jobs/plainid/C4.00C
comeet,plus500_bulgaria/89.006,Plus500 - Bulgaria,https://www.comeet.com/jobs/plus500_bulgaria/89.006
comeet,port/59.004,Port,https://www.comeet.com/jobs/port/59.004
comeet,ppcr/0A.008,Pro-Claim Group,https://www.comeet.com/jobs/ppcr/0A.008
comeet,primusgroup/59.007,Primus Group,https://www.comeet.com/jobs/primusgroup/59.007
comeet,prismaphotonics/18.00C,Prisma Photonics,https://www.comeet.com/jobs/prismaphotonics/18.00C
comeet,protai/98.003,Protai,https://www.comeet.com/jobs/protai/98.003
comeet,proteantecs/D5.00E,proteanTecs,https://www.comeet.com/jobs/proteantecs/D5.00E
comeet,pushoperations/3A.006,Push Operations,https://www.comeet.com/jobs/pushoperations/3A.006
comeet,qedma/7A.006,Qedma,https://www.comeet.com/jobs/qedma/7A.006
comeet,qodo/B8.00B,Qodo,https://www.comeet.com/jobs/qodo/B8.00B
comeet,qspark/98.001,qSpark,https://www.comeet.com/jobs/qspark/98.001
comeet,qualityscore/94.002,Quality Score,https://www.comeet.com/jobs/qualityscore/94.002
comeet,quantummachines/D6.000,Quantum Machines,https://www.comeet.com/jobs/quantummachines/D6.000
comeet,quicklizard/C9.004,Quicklizard,https://www.comeet.com/jobs/quicklizard/C9.004
comeet,rada/73.009,DRS RADA TECHNOLOGIES,https://www.comeet.com/jobs/rada/73.009
comeet,radcom/1A.003,RADCOM,https://www.comeet.com/jobs/radcom/1A.003
comeet,radwin/06.00E,RADWIN,https://www.comeet.com/jobs/radwin/06.00E
comeet,rapyd/73.00E,Rapyd,https://www.comeet.com/jobs/rapyd/73.00E
comeet,razorlabs/A5.002,Razor Labs,https://www.comeet.com/jobs/razorlabs/A5.002
comeet,realplay/9A.003,Realplay,https://www.comeet.com/jobs/realplay/9A.003
comeet,reco/3A.00D,Reco,https://www.comeet.com/jobs/reco/3A.00D
comeet,recruitingteam/F3.00B,HR Team,https://www.comeet.com/jobs/recruitingteam/F3.00B
comeet,redefinemeat/28.004,Redefine Meat,https://www.comeet.com/jobs/redefinemeat/28.004
comeet,reeco/0A.00D,Reeco,https://www.comeet.com/jobs/reeco/0A.00D
comeet,reflectiz/CA.008,Reflectiz,https://www.comeet.com/jobs/reflectiz/CA.008
comeet,regulus/9A.00D,Regulus,https://www.comeet.com/jobs/regulus/9A.00D
comeet,reimaginefreedom/89.007,Young Women's Freedom Center,https://www.comeet.com/jobs/reimaginefreedom/89.007
comeet,remedio/CA.000,Remedio,https://www.comeet.com/jobs/remedio/CA.000
comeet,resolvglobal/BA.006,Resolv.Global,https://www.comeet.com/jobs/resolvglobal/BA.006
comeet,riverside-fm/66.009,riverside.fm,https://www.comeet.com/jobs/riverside-fm/66.009
comeet,roiagency/CA.00A,ROI Agency,https://www.comeet.com/jobs/roiagency/CA.00A
comeet,rounds/59.005,Rounds,https://www.comeet.com/jobs/rounds/59.005
comeet,safefleet/95.001,Safe Fleet,https://www.comeet.com/jobs/safefleet/95.001
comeet,samsung/D4.005,Samsung Research and Development Center Israel,https://www.comeet.com/jobs/samsung/D4.005
comeet,saymine/39.003,Mine,https://www.comeet.com/jobs/saymine/39.003
comeet,scaleops/99.003,ScaleOps,https://www.comeet.com/jobs/scaleops/99.003
comeet,scylladb/E4.006,ScyllaDB,https://www.comeet.com/jobs/scylladb/E4.006
comeet,sedric/0A.00F,Sedric.ai,https://www.comeet.com/jobs/sedric/0A.00F
comeet,seekingalpha/46.006,Seeking Alpha,https://www.comeet.com/jobs/seekingalpha/46.006
comeet,seemplicity/67.00D,Seemplicity Security,https://www.comeet.com/jobs/seemplicity/67.00D
comeet,seia/78.00D,Solar Energy Industries Association,https://www.comeet.com/jobs/seia/78.00D
comeet,senai/CA.004,SENAI,https://www.comeet.com/jobs/senai/CA.004
comeet,sensi/E7.00F,Sensi.AI,https://www.comeet.com/jobs/sensi/E7.00F
comeet,sentra/87.00B,Sentra,https://www.comeet.com/jobs/sentra/87.00B
comeet,sequoiaconnect/45.004,Sequoia Connect,https://www.comeet.com/jobs/sequoiaconnect/45.004
comeet,sett/4A.00B,Sett,https://www.comeet.com/jobs/sett/4A.00B
comeet,sgr/1B.008,SGR,https://www.comeet.com/jobs/sgr/1B.008
comeet,shamrockroofer/B9.00C,Shamrock Roofing,https://www.comeet.com/jobs/shamrockroofer/B9.00C
comeet,shieldfc/A5.00E,Shield,https://www.comeet.com/jobs/shieldfc/A5.00E
comeet,shopic/E6.002,Shopic,https://www.comeet.com/jobs/shopic/E6.002
comeet,shortical/3B.00A,Shortical,https://www.comeet.com/jobs/shortical/3B.00A
comeet,silk/F6.00C,Silk,https://www.comeet.com/jobs/silk/F6.00C
comeet,silvalininghr/DA.005,Silva-Lining HR,https://www.comeet.com/jobs/silvalininghr/DA.005
comeet,silverfort/54.007,Silverfort,https://www.comeet.com/jobs/silverfort/54.007
comeet,skai/22.00A,Skai,https://www.comeet.com/jobs/skai/22.00A
comeet,skapion/2B.00F,Skapion,https://www.comeet.com/jobs/skapion/2B.00F
comeet,smart-shooter/0B.00A,Smart-shooter,https://www.comeet.com/jobs/smart-shooter/0B.00A
comeet,snapscale/C9.006,Snapscale,https://www.comeet.com/jobs/snapscale/C9.006
comeet,sodastream/40.008,SodaStream,https://www.comeet.com/jobs/sodastream/40.008
comeet,solaredge/71.00A,SolarEdge,https://www.comeet.com/jobs/solaredge/71.00A
comeet,soliduslabs/E6.007,Solidus Labs,https://www.comeet.com/jobs/soliduslabs/E6.007
comeet,somekhchaikin/F3.007,KPMG,https://www.comeet.com/jobs/somekhchaikin/F3.007
comeet,sparsolutions/89.00A,SPAR Solutions,https://www.comeet.com/jobs/sparsolutions/89.00A
comeet,stampli/F6.007,Stampli,https://www.comeet.com/jobs/stampli/F6.007
comeet,start.io/B2.004,Start.io,https://www.comeet.com/jobs/start.io/B2.004
comeet,steubenfoods/2B.002,Steuben Foods,https://www.comeet.com/jobs/steubenfoods/2B.002
comeet,streamsecurity/39.008,Stream Security,https://www.comeet.com/jobs/streamsecurity/39.008
comeet,sunbit/37.001,Sunbit,https://www.comeet.com/jobs/sunbit/37.001
comeet,sundaysky/71.000,SundaySky,https://www.comeet.com/jobs/sundaysky/71.000
comeet,sunflower/AA.009,Sunflower,https://www.comeet.com/jobs/sunflower/AA.009
comeet,supercom/46.00A,Supercom,https://www.comeet.com/jobs/supercom/46.00A
comeet,superplay/28.003,SuperPlay,https://www.comeet.com/jobs/superplay/28.003
comeet,surecomp/24.00E,Surecomp,https://www.comeet.com/jobs/surecomp/24.00E
comeet,synergetica/A6.003,Synergetica,https://www.comeet.com/jobs/synergetica/A6.003
comeet,syqe/F1.00C,Syqe Medical,https://www.comeet.com/jobs/syqe/F1.00C
comeet,sysaid/43.00A,SysAid Technologies,https://www.comeet.com/jobs/sysaid/43.00A
comeet,tailormed/E5.009,TailorMed,https://www.comeet.com/jobs/tailormed/E5.009
comeet,talentco/36.005,Talent.co,https://www.comeet.com/jobs/talentco/36.005
comeet,tango/B7.007,Tango,https://www.comeet.com/jobs/tango/B7.007
comeet,taranis/34.003,Taranis,https://www.comeet.com/jobs/taranis/34.003
comeet,tastewise/F8.000,Tastewise,https://www.comeet.com/jobs/tastewise/F8.000
comeet,team8/61.003,Team8,https://www.comeet.com/jobs/team8/61.003
comeet,teambuilderrecruiting/45.003,Team Builder Recruiting,https://www.comeet.com/jobs/teambuilderrecruiting/45.003
comeet,teamwork/F6.005,Teamwork.com,https://www.comeet.com/jobs/teamwork/F6.005
comeet,tech-keys/19.001,Tech-Keys,https://www.comeet.com/jobs/tech-keys/19.001
comeet,tenengroup/93.00C,Tenengroup Ltd.,https://www.comeet.com/jobs/tenengroup/93.00C
comeet,terrasecurity/1B.006,Terra Security,https://www.comeet.com/jobs/terrasecurity/1B.006
comeet,thenvoi/8A.003,Thenvoi,https://www.comeet.com/jobs/thenvoi/8A.003
comeet,thetaray/72.00F,Thetaray,https://www.comeet.com/jobs/thetaray/72.00F
comeet,tikalk/68.00C,Tikal,https://www.comeet.com/jobs/tikalk/68.00C
comeet,tipa/87.008,TIPA,https://www.comeet.com/jobs/tipa/87.008
comeet,toka/46.00D,Toka,https://www.comeet.com/jobs/toka/46.00D
comeet,topgummiceuticals/E9.00A,TopGum,https://www.comeet.com/jobs/topgummiceuticals/E9.00A
comeet,travelbooster/37.00B,Travel Booster,https://www.comeet.com/jobs/travelbooster/37.00B
comeet,trieye/A6.00E,TriEye,https://www.comeet.com/jobs/trieye/A6.00E
comeet,trigo/A6.005,Trigo,https://www.comeet.com/jobs/trigo/A6.005
comeet,trullion/07.000,Trullion,https://www.comeet.com/jobs/trullion/07.000
comeet,tufin/A1.00B,Tufin,https://www.comeet.com/jobs/tufin/A1.00B
comeet,uppro/18.003,U.P.PRO,https://www.comeet.com/jobs/uppro/18.003
comeet,upstream/E4.003,Upstream Security,https://www.comeet.com/jobs/upstream/E4.003
comeet,upwind/49.004,Upwind Security,https://www.comeet.com/jobs/upwind/49.004
comeet,utila/D9.00F,Utila,https://www.comeet.com/jobs/utila/D9.00F
comeet,uveye/92.00F,UVeye,https://www.comeet.com/jobs/uveye/92.00F
comeet,variant/3B.00B,Variant,https://www.comeet.com/jobs/variant/3B.00B
comeet,vastdata/43.001,VAST Data,https://www.comeet.com/jobs/vastdata/43.001
comeet,vectoriousmedtech/68.003,Vectorious Medical Technologies Ltd,https://www.comeet.com/jobs/vectoriousmedtech/68.003
comeet,vega/C9.009,Vega,https://www.comeet.com/jobs/vega/C9.009
comeet,versatile/3A.00A,Versatile,https://www.comeet.com/jobs/versatile/3A.00A
comeet,vetric/A9.009,Vetric,https://www.comeet.com/jobs/vetric/A9.009
comeet,vhive/08.002,vHive,https://www.comeet.com/jobs/vhive/08.002
comeet,vi/B1.002,Vi,https://www.comeet.com/jobs/vi/B1.002
comeet,viber/04.002,Viber,https://www.comeet.com/jobs/viber/04.002
comeet,visanahealth/0B.008,Visana Health,https://www.comeet.com/jobs/visanahealth/0B.008
comeet,voyantis/86.00B,Voyantis,https://www.comeet.com/jobs/voyantis/86.00B
comeet,vpgsensors/C8.009,Vishay Precision Group,https://www.comeet.com/jobs/vpgsensors/C8.009
comeet,weankor/C6.008,We Ankor,https://www.comeet.com/jobs/weankor/C6.008
comeet,webbing/46.00E,Webbing,https://www.comeet.com/jobs/webbing/46.00E
comeet,webselenese/84.005,Webselenese,https://www.comeet.com/jobs/webselenese/84.005
comeet,webz/D9.00C,Webz.io,https://www.comeet.com/jobs/webz/D9.00C
comeet,weski/F8.00C,WeSki,https://www.comeet.com/jobs/weski/F8.00C
comeet,wiliot/F6.003,Wiliot,https://www.comeet.com/jobs/wiliot/F6.003
comeet,windward/31.002,Windward,https://www.comeet.com/jobs/windward/31.002
comeet,winn_ai/4A.00F,Winn.AI,https://www.comeet.com/jobs/winn_ai/4A.00F
comeet,withfaye/87.00A,Faye,https://www.comeet.com/jobs/withfaye/87.00A
comeet,workiz/F6.006,Workiz,https://www.comeet.com/jobs/workiz/F6.006
comeet,wsc-sports/93.007,WSC Sports,https://www.comeet.com/jobs/wsc-sports/93.007
comeet,xtend/85.00A,XTEND,https://www.comeet.com/jobs/xtend/85.00A
comeet,xvivo/A9.00A,XVIVO,https://www.comeet.com/jobs/xvivo/A9.00A
comeet,yinzcam/2A.008,YinzCam Inc.,https://www.comeet.com/jobs/yinzcam/2A.008
comeet,youappi/C9.00B,Youappi,https://www.comeet.com/jobs/youappi/C9.00B
comeet,yourcompany/80.003,Demo Company,https://www.comeet.com/jobs/yourcompany/80.003
comeet,zencity/56.00B,Zencity,https://www.comeet.com/jobs/zencity/56.00B
comeet,zenity/19.000,Zenity,https://www.comeet.com/jobs/zenity/19.000
comeet,zeronetworks/39.00F,Zero Networks,https://www.comeet.com/jobs/zeronetworks/39.00F
comeet,zeroport/7A.00E,ZeroPort,https://www.comeet.com/jobs/zeroport/7A.00E
comeet,zim/72.008,ZIM,https://www.comeet.com/jobs/zim/72.008
comeet,zyg/DA.006,ZyG,https://www.comeet.com/jobs/zyg/DA.006
greenhouse,10pearlsamerica,10Pearls - United States,https://job-boards.greenhouse.io/10pearlsamerica
greenhouse,1456754456yhgbhfg,Davidson Kempner Capital Management,https://job-boards.greenhouse.io/1456754456yhgbhfg
greenhouse,22,Truveta External Job Board,https://job-boards.greenhouse.io/22
greenhouse,aalphabio,A Alpha Bio,https://job-boards.greenhouse.io/aalphabio
greenhouse,activelyai,Actively AI,https://job-boards.greenhouse.io/activelyai
greenhouse,alta,Alta,https://job-boards.greenhouse.io/alta
greenhouse,blueshift,Blueshift,https://job-boards.greenhouse.io/blueshift
greenhouse,cartahealthcare,Carta Healthcare,https://job-boards.greenhouse.io/cartahealthcare
greenhouse,clerkie,Clerkie,https://job-boards.greenhouse.io/clerkie
greenhouse,cowbellcyber,Cowbell Cyber,https://job-boards.greenhouse.io/cowbellcyber
greenhouse,cybereason,Cybereason,https://job-boards.greenhouse.io/cybereason
greenhouse,dropzoneai,Dropzone Ai,https://job-boards.greenhouse.io/dropzoneai
greenhouse,furiosaai,Furiosaai,https://job-boards.greenhouse.io/furiosaai
greenhouse,gruve,Gruve Ai,https://job-boards.greenhouse.io/gruve
greenhouse,guidde,Guidde,https://job-boards.greenhouse.io/guidde
greenhouse,horizonsurgicalsystems,Horizon Surgical Systems,https://job-boards.greenhouse.io/horizonsurgicalsystems
greenhouse,hyperproof,Hyperproof,https://job-boards.greenhouse.io/hyperproof
greenhouse,island,Island,https://job-boards.greenhouse.io/island
greenhouse,kimbal,Kimbal,https://job-boards.greenhouse.io/kimbal
greenhouse,kite,Kite,https://job-boards.greenhouse.io/kite
greenhouse,lightrun,Lightrun,https://job-boards.greenhouse.io/lightrun
greenhouse,markupai,Markup Ai,https://job-boards.greenhouse.io/markupai
greenhouse,netradyne,Netradyne,https://job-boards.greenhouse.io/netradyne
greenhouse,newtonresearch,Newton Research,https://job-boards.greenhouse.io/newtonresearch
greenhouse,noetik,Noetik,https://job-boards.greenhouse.io/noetik
greenhouse,patternbioscience,Pattern Bioscience,https://job-boards.greenhouse.io/patternbioscience
greenhouse,point2technologyinc,Point2 Technology Inc.,https://job-boards.greenhouse.io/point2technologyinc
greenhouse,quantifind,Quantifind,https://job-boards.greenhouse.io/quantifind
greenhouse,scaleops,Scaleops,https://job-boards.greenhouse.io/scaleops
greenhouse,scorability,Scorability,https://job-boards.greenhouse.io/scorability
greenhouse,seekr,Seekr,https://job-boards.greenhouse.io/seekr
greenhouse,signos,Signos,https://job-boards.greenhouse.io/signos
greenhouse,skribe,Skribe Ai,https://job-boards.greenhouse.io/skribe
greenhouse,swordhealth,Sword Health,https://job-boards.greenhouse.io/swordhealth
greenhouse,thrive,Thriveai,https://job-boards.greenhouse.io/thrive
greenhouse,toloka,Toloka,https://job-boards.greenhouse.io/toloka
greenhouse,truefoundry,TrueFoundry,https://job-boards.greenhouse.io/truefoundry
greenhouse,validmind,Validmind,https://job-boards.greenhouse.io/validmind
greenhouse,voxel51,Voxel51,https://job-boards.greenhouse.io/voxel51
greenhouse,whitespace,Whitespace,https://job-boards.greenhouse.io/whitespace
greenhouse,zestyai,Zestyai,https://job-boards.greenhouse.io/zestyai
lever,algorized,Algorized,https://jobs.lever.co/algorized
lever,barndoor,Barndoor Ai,https://jobs.lever.co/barndoor
lever,rembrand,Rembrand,https://jobs.lever.co/rembrand
lever,text,Text.ai,https://jobs.lever.co/text
lever,upscale-ai,Upscale Ai,https://jobs.lever.co/upscale-ai
oracle,fa-extu-saasfaprod1,Akamai,https://fa-extu-saasfaprod1.fa.ocs.oraclecloud.com/hcmUI/CandidateExperience/en/sites/CX_1
smartrecruiters,PHONEPELIMITED,PhonePe,https://careers.smartrecruiters.com/PHONEPELIMITED
smartrecruiters,swiggy,Swiggy,https://careers.smartrecruiters.com/swiggy
smartrecruiters,CheckPointSoftwareTechnologies2,Check Point Software,https://careers.smartrecruiters.com/CheckPointSoftwareTechnologies2
workday,walmart/WalmartExternal,Walmart,https://walmart.wd504.myworkdayjobs.com/WalmartExternal
workday,postman/careers,Postman,https://postman.wd108.myworkdayjobs.com/careers
darwinbox,delhivery,Delhivery,https://delhivery.darwinbox.in/ms/candidate/careers
darwinbox,rapido,Rapido,https://rapido.darwinbox.in/ms/candidate/careers
darwinbox,clevertap,CleverTap,https://clevertap.darwinbox.in/ms/candidate/careers
darwinbox,darwinbox,Darwinbox,https://darwinbox.darwinbox.in/ms/candidate/careers
darwinbox,upstox,Upstox,https://upstox.darwinbox.in/ms/candidate/careers
darwinbox,cardekho,CarDekho,https://cardekho.darwinbox.in/ms/candidate/careers
darwinbox,kreditbee,KreditBee,https://kreditbee.darwinbox.in/ms/candidate/careers
darwinbox,niyo,Niyo,https://niyo.darwinbox.in/ms/candidate/careers
darwinbox,1mg,Tata 1mg,https://1mg.darwinbox.in/ms/candidate/careers
darwinbox,moneyview,Moneyview,https://moneyview.darwinbox.in/ms/candidate/careers
darwinbox,unacademy,Unacademy,https://unacademy.darwinbox.in/ms/candidate/careers
darwinbox,cars24,Cars24,https://cars24.darwinbox.in/ms/candidate/careers
darwinbox,bigbasket,BigBasket,https://bigbasket.darwinbox.in/ms/candidate/careers
darwinbox,mpl,MPL,https://mpl.darwinbox.in/ms/candidate/careers
darwinbox,nobroker,NoBroker,https://nobroker.darwinbox.in/ms/candidate/careers
darwinbox,zepto,Zepto,https://zepto.darwinbox.in/ms/candidate/careers
sfrmk,chargebee,Chargebee,https://jobs.chargebee.com/
darwinbox,caratlane,CaratLane,https://caratlane.darwinbox.in/ms/candidate/careers
darwinbox,licious,Licious,https://licious.darwinbox.in/ms/candidate/careers
darwinbox,curefit,Cult.fit,https://curefit.darwinbox.in/ms/candidate/careers
trakstar,moengage,MoEngage,https://moengage.hire.trakstar.com/
trakstar,whatfix,Whatfix,https://whatfix.hire.trakstar.com/
freshteam,haptik,Haptik,https://haptik.freshteam.com/jobs
gem,promptql,PromptQL (Hasura),https://jobs.gem.com/promptql
kula,cashfree,Cashfree Payments,https://careers.kula.ai/cashfree
atlassian,atlassian,Atlassian,https://www.atlassian.com/company/careers
jibe,booking,Booking.com,https://jobs.booking.com
nutanix,nutanix,Nutanix,https://careers.nutanix.com
amazon,amazon,Amazon,https://www.amazon.jobs/en/search
microsoft,microsoft,Microsoft,https://apply.careers.microsoft.com/careers
